{
	"inst": "flute_vibrato",
	"note": "c7",
	"fundfreq": 2093.0,
	"harmonics": [
		{
			"num": 1,
			"freq": 2093.0,
			"amp": 5076.0,
			"db": 0.00000,
			"phase": -1.83341
		},
		{
			"num": 2,
			"freq": 4186.0,
			"amp": 155.50223,
			"db": -30.27570,
			"phase": -1.66068
		},
		{
			"num": 3,
			"freq": 6279.0,
			"amp": 215.08326,
			"db": -27.45830,
			"phase": -1.51887
		},
		{
			"num": 4,
			"freq": 8372.0,
			"amp": 33.27412,
			"db": -43.66830,
			"phase": -0.72228
		}
	]
}
