{
	"inst": "violin_muted_vibrato",
	"note": "b6",
	"fundfreq": 1975.53,
	"harmonics": [
		{
			"num": 1,
			"freq": 1975.53,
			"amp": 951.0,
			"db": 0.00000,
			"phase": 1.43335
		},
		{
			"num": 2,
			"freq": 3951.06,
			"amp": 458.53344,
			"db": -6.33619,
			"phase": -0.61040
		},
		{
			"num": 3,
			"freq": 5926.59,
			"amp": 206.37188,
			"db": -13.27060,
			"phase": 2.02750
		},
		{
			"num": 4,
			"freq": 7902.12,
			"amp": 129.34228,
			"db": -17.32880,
			"phase": 2.75944
		}
	]
}
