{
	"inst": "violin_muted_vibrato",
	"note": "c7",
	"fundfreq": 2093.0,
	"harmonics": [
		{
			"num": 1,
			"freq": 2093.0,
			"amp": 1051.0,
			"db": 0.00000,
			"phase": 1.59132
		},
		{
			"num": 2,
			"freq": 4186.0,
			"amp": 84.96748,
			"db": -21.84700,
			"phase": -0.29644
		},
		{
			"num": 3,
			"freq": 6279.0,
			"amp": 265.67624,
			"db": -11.94500,
			"phase": 1.74150
		},
		{
			"num": 4,
			"freq": 8372.0,
			"amp": 216.88909,
			"db": -13.70730,
			"phase": -0.71361
		}
	]
}
