{
	"inst": "violin_vibrato",
	"note": "b6",
	"fundfreq": 1975.53,
	"harmonics": [
		{
			"num": 1,
			"freq": 1975.53,
			"amp": 2119.0,
			"db": 0.00000,
			"phase": 1.00223
		},
		{
			"num": 2,
			"freq": 3951.06,
			"amp": 552.98195,
			"db": -11.66840,
			"phase": 1.53821
		},
		{
			"num": 3,
			"freq": 5926.59,
			"amp": 157.49652,
			"db": -22.57720,
			"phase": -2.76500
		},
		{
			"num": 4,
			"freq": 7902.12,
			"amp": 54.88782,
			"db": -31.73310,
			"phase": -3.01884
		}
	]
}
