{
	"inst": "violin_vibrato",
	"note": "c7",
	"fundfreq": 2093.0,
	"harmonics": [
		{
			"num": 1,
			"freq": 2093.0,
			"amp": 1799.0,
			"db": 0.00000,
			"phase": -2.22317
		},
		{
			"num": 2,
			"freq": 4186.0,
			"amp": 487.78244,
			"db": -11.33610,
			"phase": -1.03656
		},
		{
			"num": 3,
			"freq": 6279.0,
			"amp": 305.57383,
			"db": -15.39830,
			"phase": -2.55859
		},
		{
			"num": 4,
			"freq": 8372.0,
			"amp": 142.42006,
			"db": -22.02920,
			"phase": -1.42596
		}
	]
}
