{
	"inst": "violinensemb",
	"note": "c7",
	"fundfreq": 2093.0,
	"harmonics": [
		{
			"num": 1,
			"freq": 2093.0,
			"amp": 4944.0,
			"db": 0.00000,
			"phase": -1.94168
		},
		{
			"num": 2,
			"freq": 4186.0,
			"amp": 4288.65353,
			"db": -1.23515,
			"phase": -2.16423
		},
		{
			"num": 3,
			"freq": 6279.0,
			"amp": 517.88515,
			"db": -19.59690,
			"phase": 0.50614
		},
		{
			"num": 4,
			"freq": 8372.0,
			"amp": 89.75186,
			"db": -34.82070,
			"phase": -0.34783
		}
	]
}
