{
	"inst": "violinensemb",
	"note": "c#7",
	"fundfreq": 2217.46,
	"harmonics": [
		{
			"num": 1,
			"freq": 2217.46,
			"amp": 6157.0,
			"db": 0.00000,
			"phase": -2.08421
		},
		{
			"num": 2,
			"freq": 4434.92,
			"amp": 3771.57418,
			"db": -4.25693,
			"phase": -1.33198
		},
		{
			"num": 3,
			"freq": 6652.38,
			"amp": 119.90551,
			"db": -34.21060,
			"phase": 0.24232
		},
		{
			"num": 4,
			"freq": 8869.84,
			"amp": 192.73436,
			"db": -30.08820,
			"phase": -0.50530
		}
	]
}
