{
	"inst": "violinensemb",
	"note": "d7",
	"fundfreq": 2349.32,
	"harmonics": [
		{
			"num": 1,
			"freq": 2349.32,
			"amp": 2461.0,
			"db": 0.00000,
			"phase": -1.77091
		},
		{
			"num": 2,
			"freq": 4698.64,
			"amp": 464.93968,
			"db": -14.47430,
			"phase": 1.24088
		},
		{
			"num": 3,
			"freq": 7047.96,
			"amp": 38.83306,
			"db": -36.03820,
			"phase": -2.68071
		},
		{
			"num": 4,
			"freq": 9397.28,
			"amp": 19.43711,
			"db": -42.04960,
			"phase": 1.43028
		}
	]
}
