{
	"inst": "piccolo",
	"note": "b6",
	"fundfreq": 1975.53,
	"harmonics": [
		{
			"num": 1,
			"freq": 1975.53,
			"amp": 5270.0,
			"db": 0.00000,
			"phase": -1.95061
		},
		{
			"num": 2,
			"freq": 3951.06,
			"amp": 273.69106,
			"db": -25.69100,
			"phase": 1.82764
		},
		{
			"num": 3,
			"freq": 5926.59,
			"amp": 192.06163,
			"db": -28.76740,
			"phase": -1.33968
		},
		{
			"num": 4,
			"freq": 7902.12,
			"amp": 121.08229,
			"db": -32.77460,
			"phase": 2.38874
		}
	]
}
