{
	"inst": "piccolo",
	"note": "c7",
	"fundfreq": 2093.0,
	"harmonics": [
		{
			"num": 1,
			"freq": 2093.0,
			"amp": 2603.0,
			"db": 0.00000,
			"phase": -2.02212
		},
		{
			"num": 2,
			"freq": 4186.0,
			"amp": 157.47774,
			"db": -24.36510,
			"phase": 1.95961
		},
		{
			"num": 3,
			"freq": 6279.0,
			"amp": 240.91518,
			"db": -20.67220,
			"phase": -2.80800
		},
		{
			"num": 4,
			"freq": 8372.0,
			"amp": 73.86168,
			"db": -30.94110,
			"phase": 0.95217
		}
	]
}
