{
	"inst": "piccolo",
	"note": "c#7",
	"fundfreq": 2217.46,
	"harmonics": [
		{
			"num": 1,
			"freq": 2217.46,
			"amp": 3853.0,
			"db": 0.00000,
			"phase": 0.98774
		},
		{
			"num": 2,
			"freq": 4434.92,
			"amp": 387.43514,
			"db": -19.95200,
			"phase": 1.89784
		},
		{
			"num": 3,
			"freq": 6652.38,
			"amp": 104.39604,
			"db": -31.34230,
			"phase": 0.49693
		},
		{
			"num": 4,
			"freq": 8869.84,
			"amp": 101.89996,
			"db": -31.55250,
			"phase": 0.95851
		}
	]
}
