{
	"inst": "piccolo",
	"note": "d7",
	"fundfreq": 2349.32,
	"harmonics": [
		{
			"num": 1,
			"freq": 2349.32,
			"amp": 4120.0,
			"db": 0.00000,
			"phase": -2.22055
		},
		{
			"num": 2,
			"freq": 4698.64,
			"amp": 365.18019,
			"db": -21.04780,
			"phase": 0.04299
		},
		{
			"num": 3,
			"freq": 7047.96,
			"amp": 280.22522,
			"db": -23.34780,
			"phase": -2.72309
		},
		{
			"num": 4,
			"freq": 9397.28,
			"amp": 157.59492,
			"db": -28.34710,
			"phase": -0.95810
		}
	]
}
