{
	"inst": "piccolo",
	"note": "d#7",
	"fundfreq": 2489.02,
	"harmonics": [
		{
			"num": 1,
			"freq": 2489.02,
			"amp": 4099.0,
			"db": 0.00000,
			"phase": -1.89085
		},
		{
			"num": 2,
			"freq": 4978.04,
			"amp": 256.90817,
			"db": -24.05800,
			"phase": 1.15652
		},
		{
			"num": 3,
			"freq": 7467.06,
			"amp": 247.81804,
			"db": -24.37090,
			"phase": -2.22513
		}
	]
}
