{
	"inst": "piccolo",
	"note": "e7",
	"fundfreq": 2637.02,
	"harmonics": [
		{
			"num": 1,
			"freq": 2637.02,
			"amp": 3690.0,
			"db": 0.00000,
			"phase": 1.16751
		},
		{
			"num": 2,
			"freq": 5274.04,
			"amp": 239.66597,
			"db": -23.74840,
			"phase": 0.54276
		},
		{
			"num": 3,
			"freq": 7911.06,
			"amp": 249.83678,
			"db": -23.38740,
			"phase": 0.75202
		}
	]
}
