{
	"inst": "piccolo",
	"note": "f7",
	"fundfreq": 2793.83,
	"harmonics": [
		{
			"num": 1,
			"freq": 2793.83,
			"amp": 4620.0,
			"db": 0.00000,
			"phase": 1.20490
		},
		{
			"num": 2,
			"freq": 5587.66,
			"amp": 287.29759,
			"db": -24.12620,
			"phase": -0.66058
		},
		{
			"num": 3,
			"freq": 8381.49,
			"amp": 381.92402,
			"db": -21.65330,
			"phase": -0.04713
		}
	]
}
