{
	"inst": "piccolo",
	"note": "f#7",
	"fundfreq": 2959.96,
	"harmonics": [
		{
			"num": 1,
			"freq": 2959.96,
			"amp": 2645.0,
			"db": 0.00000,
			"phase": -2.23846
		},
		{
			"num": 2,
			"freq": 5919.92,
			"amp": 44.8524,
			"db": -35.41280,
			"phase": -1.10444
		},
		{
			"num": 3,
			"freq": 8879.88,
			"amp": 80.63353,
			"db": -30.31820,
			"phase": -2.13237
		}
	]
}
