{
	"inst": "piccolo",
	"note": "g7",
	"fundfreq": 3135.96,
	"harmonics": [
		{
			"num": 1,
			"freq": 3135.96,
			"amp": 3147.0,
			"db": 0.00000,
			"phase": 1.09158
		},
		{
			"num": 2,
			"freq": 6271.92,
			"amp": 141.0382,
			"db": -26.97120,
			"phase": -2.78882
		},
		{
			"num": 3,
			"freq": 9407.88,
			"amp": 130.7169,
			"db": -27.63130,
			"phase": 2.64107
		}
	]
}
